prefix,r,s,f,j,x,z,w,a,e,o
a,ả,á,à,ạ,ã,,ă,â,,
ă,ẳ,ắ,ằ,ặ,ẵ,,aw,â,,
â,ẩ,ấ,ầ,ậ,ẫ,,ă,aa,,
e,ẻ,é,è,ẹ,ẽ,,,,ê,
ê,ể,ế,ề,ệ,ễ,,,,ee,
o,ỏ,ó,ò,ọ,õ,,ơ,,,ô
ô,ổ,ố,ồ,ộ,ỗ,,ơ,,,oo
ơ,ở,ớ,ờ,ợ,ỡ,,ow,,,ô
i,ỉ,í,ì,ị,ĩ,,,,,
y,ỷ,ý,ỳ,ỵ,ỹ,,,,,
u,ủ,ú,ù,ụ,ũ,,ư,,,
ư,ử,ứ,ừ,ự,ữ,,uw,,,
ả,ar,á,à,ạ,ã,a,ẳ,ẩ,,
á,ả,as,à,ạ,ã,a,ắ,ấ,,
à,ả,á,af,ạ,ã,a,ằ,ầ,,
ạ,ả,á,à,aj,ã,a,ặ,ậ,,
ã,ả,á,à,ạ,ax,a,ẵ,ẫ,,
ẳ,ẳ,ắ,ằ,ặ,ẵ,ă,ảw,ẩ,,
ắ,ẳ,ăs,ằ,ặ,ẵ,ă,áw,ấ,,
ằ,ẳ,ắ,ăf,ặ,ẵ,ă,àw,ầ,,
ặ,ẳ,ắ,ằ,ặ,ẵ,ă,ạw,ậ,,
ẵ,ẳ,ắ,ằ,ặ,ẵ,ă,ãw,ẫ,,
ẩ,âr,ấ,ầ,ậ,ẫ,â,ẳ,ảa,,
ấ,ẩ,âs,ầ,ậ,ẫ,â,ắ,áa,,
ầ,ẩ,ấ,âf,ậ,ẫ,â,ằ,àa,,
ậ,ẩ,ấ,ầ,âj,ẫ,â,ặ,ạa,,
ẫ,ẩ,ấ,ầ,ậ,âx,â,ẵ,ãa,,
ẻ,er,é,è,ẹ,ẽ,e,,,ể,
é,ẻ,es,è,ẹ,ẽ,e,,,ế,
è,ẻ,é,ef,ẹ,ẽ,e,,,ề,
ẹ,ẻ,é,è,ej,ẽ,e,,,ệ,
ẽ,ẻ,é,è,ẹ,ex,e,,,ễ,
ể,êr,ế,ề,ệ,ễ,ê,,,ẻe,
ế,ể,ês,ề,ệ,ễ,ê,,,ée,
ề,ể,ế,ề,ệ,ễ,ê,,,èe,
ệ,ể,ế,ề,êj,ễ,ê,,,ẹe,
ễ,ể,ế,ề,ệ,êx,ê,,,ẽe,
ỏ,or,ó,ò,ọ,õ,o,ở,,,ổ
ó,ỏ,os,ò,ọ,õ,o,ớ,,,ố
ò,ỏ,ó,of,ọ,õ,o,ờ,,,ồ
ọ,ỏ,ó,ò,oj,õ,o,ợ,,,ộ
õ,ỏ,ó,ò,ọ,ox,o,ỡ,,,ỗ
ổ,ôr,ố,ồ,ộ,ỗ,ô,ở,,,ỏo
ố,ổ,ôs,ồ,ộ,ỗ,ô,ớ,,,óo
ồ,ổ,ố,ôf,ộ,ỗ,ô,ờ,,,òo
ộ,ổ,ố,ồ,ôj,ỗ,ô,ợ,,,ọo
ỗ,ổ,ố,ồ,ộ,ôx,ô,ỡ,,,õo
ở,ơr,ớ,ờ,ợ,ỡ,ơ,ỏw,,,ổ
ớ,ở,ơs,ờ,ợ,ỡ,ơ,ów,,,ố
ờ,ở,ớ,ơf,ợ,ỡ,ơ,òw,,,ồ
ợ,ở,ớ,ờ,ơj,ỡ,ơ,ọw,,,ộ
ỡ,ở,ớ,ờ,ợ,ơx,ơ,õw,,,ỗ
ỉ,ir,í,ì,ị,ĩ,i,,,,
í,ỉ,is,ì,ị,ĩ,i,,,,
ì,ỉ,í,if,ị,ĩ,i,,,,
ị,ỉ,í,ì,ij,ĩ,i,,,,
ĩ,ỉ,í,ì,ị,ix,i,,,,
ỷ,yr,ý,ỳ,ỵ,ỹ,y,,,,
ý,ỷ,ys,ỳ,ỵ,ỹ,y,,,,
ỳ,ỷ,ý,yf,ỵ,ỹ,y,,,,
ỵ,ỷ,ý,ỳ,yj,ỹ,y,,,,
ỹ,ỷ,ý,ỳ,ỵ,yx,y,,,,
ủ,ur,ú,ù,ụ,ũ,u,ử,,,
ú,ủ,us,ù,ụ,ũ,u,ứ,,,
ù,ủ,ú,uf,ụ,ũ,u,ừ,,,
ụ,ủ,ú,ù,uj,ũ,u,ự,,,
ũ,ủ,ú,ù,ụ,ux,u,ữ,,,
ử,ưr,ứ,ừ,ự,ữ,ư,ủw,,,
ứ,ử,ưs,ừ,ự,ữ,ư,úw,,,
ừ,ử,ứ,ưf,ự,ữ,ư,ùw,,,
ự,ử,ứ,ừ,ưj,ữ,ư,ụw,,,
ữ,ử,ứ,ừ,ự,ưx,ư,ũw,,,
ai,ải,ái,ài,ại,ãi,,,,,
an,ản,án,àn,ạn,ãn,,ăn,ân,,
ay,ảy,áy,ày,ạy,ãy,,,ây,,
ang,ảng,áng,àng,ạng,ãng,,ăng,âng,,
ac,,ác,,ạc,,,ăc,âc,,
anh,ảnh,ánh,ành,ạnh,ãnh,,,,,
ao,ảo,áo,ào,ạo,ão,,,,,
am,ảm,ám,àm,ạm,ãm,,ăm,âm,,
at,,át,,ạt,,,ăt,ât,,
au,ảu,áu,àu,ạu,ãu,,,âu,,
ap,,áp,,ạp,,,ăp,âp,,
ach,,ách,,ạch,,,,,,
ăm,ẳm,ắm,ằm,ặm,ẵm,,amw,âm,,
ăng,ẳng,ắng,ằng,ặng,ẵng,,angw,âng,,
ăc,,ắc,,ặc,,,acw,âc,,
ăn,ẳn,ắn,ằn,ặn,ẵn,,anw,ân,,
ăt,,ắt,,ặt,,,atw,ât,,
ăp,,ắp,,ặp,,,apw,âp,,
ân,ẩn,ấn,ần,ận,ẫn,,ăn,ana,,
ât,,ất,,ật,,,ăt,ata,,
âu,ẩu,ấu,ầu,ậu,ẫu,,,aua,,
ây,ẩy,ấy,ầy,ậy,ẫy,,,aya,,
âp,,ấp,,ập,,,ăp,apa,,
âm,ẩm,ấm,ầm,ậm,ẫm,,ăm,ama,,
âng,ẩng,ấng,ầng,ậng,ẫng,,ăng,anga,,
âc,,ấc,,ậc,,,ăc,aca,,
oa,ỏa,óa,òa,ọa,õa,,,,,
on,ỏn,ón,òn,ọn,õn,,ơn,,,ôn
ong,ỏng,óng,òng,ọng,õng,,,,,ông
oc,,óc,,ọc,,,,,,ôc
oi,ỏi,ói,òi,ọi,õi,,ơi,,,ôi
om,ỏm,óm,òm,ọm,õm,,ơm,,,ôm
op,,óp,,ọp,,,ơp,,,ôp
ot,,ót,,ọt,,,ơt,,,ôt
oe,ỏe,óe,òe,ọe,õe,,,,,
ông,ổng,ống,ồng,ộng,ỗng,,,,,ongo
ôt,,ốt,,ột,,,ơt,,,oto
ôi,ổi,ối,ồi,ội,ỗi,,ơi,,,oto
ôc,,ốc,,ộc,,,,,,oco
ôn,ổn,ốn,ồn,ộn,ỗn,,ơn,,,ono
ôm,ổm,ốm,ồm,ộm,ỗm,,ơm,,,omo
ôp,,ốp,,ộp,,,ơp,,,opo
ơi,ởi,ới,ời,ợi,ỡi,,oiw,,,ôi
ơn,ởn,ớn,ờn,ợn,ỡn,,onw,,,ôn
ơp,,ớp,,ợp,,,opw,,,ôp
ơm,ởm,ớm,ờm,ợm,ỡm,,omw,,,ôm
ơt,,ớt,,ợt,,,otw,,,ôt
en,ẻn,én,èn,ẹn,ẽn,,,,ên,
eo,ẻo,éo,èo,ẹo,ẽo,,,,,
et,,ét,,ẹt,,,,,êt,
em,ẻm,ém,èm,ẹm,ẽm,,,,êm,
ep,,ép,,ẹp,,,,,êp,
ec,,éc,,ẹc,,,,,êc,
eng,ẻng,éng,èng,ẹng,ẽng,,,,,
ên,ển,ến,ền,ện,ễn,,,,ene,
êu,ểu,ếu,ều,ệu,ễu,,,,eue,
êt,,ết,,ệt,,,,,ete,
êm,ểm,ếm,ềm,ệm,ễm,,,,eme,
êp,,ếp,,ệp,,,,,epe,
ênh,ểnh,ếnh,ềnh,ệnh,ễnh,,,,enhe,
êch,,ếch,,ệch,,,,,eche,
ua,ủa,úa,ùa,ụa,ũa,,,,,
uê,uể,uế,uề,uệ,uễ,,,,,
ui,ủi,úi,ùi,ụi,ũi,,ưi,,,
uy,ủy,úy,ùy,ụy,ũy,,,,,
uc,,úc,,ục,,,ưc,,,
um,ủm,úm,ùm,ụm,ũm,,ưm,,,
un,ủn,ún,ùn,ụn,ũn,,ưn,,,
ung,ủng,úng,ùng,ụng,ũng,,ưng,,,
up,,úp,,ụp,,,,,,
ut,,út,,ụt,,,ưt,,,
ưc,,ức,,ực,,,ucw,,,
ưng,ửng,ứng,ừng,ựng,ững,,ungw,,,
ưa,ửa,ứa,ừa,ựa,ữa,,uaw,,,
ưu,ửu,ứu,ừu,ựu,ữu,,uuw,,,
ưt,,ứt,,ựt,,,utw,,,
ưi,ửi,ứi,ừi,ựi,ữi,,uiw,,,
ưn,ửn,ứn,ừn,ựn,ữn,,unw,,,
ưm,ửm,ứm,ừm,ựm,ữm,,umw,,,
yên,yển,yến,yền,yện,yễn,,,,,
yêu,yểu,yếu,yều,yệu,yễu,,,,,
yêm,yểm,yếm,yềm,yệm,yễm,,,,,
yêng,yểng,yếng,yềng,yệng,yễng,,,,,
ia,ỉa,ía,ìa,ịa,ĩa,,,,,
inh,ỉnh,ính,ình,ịnh,ĩnh,,,,,
in,ỉn,ín,ìn,ịn,ĩn,,,,,
ich,,ích,,ịch,,,,,,
im,ỉm,ím,ìm,ịm,ĩm,,,,,
it,,ít,,ịt,,,,,,
iu,ỉu,íu,ìu,ịu,ĩu,,,,,
ip,,íp,,ịp,,,,,,
oai,oải,oái,oài,oại,oãi,,,,,
oan,oản,oán,oàn,oạn,oãn,,oăn,,,
oang,oảng,oáng,oàng,oạng,oãng,,oăng,,,
oat,,oát,,oạt,,,oăt,,,
oanh,oảnh,oánh,oành,oạnh,oãnh,,,,,
oach,,oách,,oạch,,,,,,
oay,oảy,oáy,oày,oạy,oãy,,,,,
oac,,oác,,oạc,,,oăc,,,
oam,oảm,oám,oàm,oạm,oãm,,oăm,,,
oap,,oáp,,oạp,,,,,,
oao,,,,,,,,,,
oăc,,oắc,,oặc,,,,,,
oăm,oẳm,oắm,oằm,oặm,oẵm,,,,,
oăn,oẳn,oắn,oằn,oặn,oẵn,,,,,
oăng,oẳng,oắng,oằng,oặng,oẵng,,,,,
oăt,,oắt,,oặt,,,,,,
ooc,,,,,,,,,,
oong,,,,,,,,,,
oen,oẻn,oén,oèn,oẹn,oẽn,,,,,
oet,,oét,,oẹt,,,,,,
oeo,oẻo,oéo,oèo,oẹo,oẽo,,,,,
iên,iển,iến,iền,iện,iễn,,,,,
ien,iển,iến,iền,iện,iễn,,,,,
iêu,iểu,iếu,iều,iệu,iễu,,,,,
ieu,iểu,iếu,iều,iệu,iễu,,,,,
iêt,,iết,,iệt,,,,,,
iet,,iết,,iệt,,,,,,
iêm,iểm,iếm,iềm,iệm,iễm,,,,,
iem,iểm,iếm,iềm,iệm,iễm,,,,,
iêp,,iếp,,iệp,,,,,,
iep,,iếp,,iệp,,,,,,
iêc,,iếc,,iệc,,,,,,
iec,,iếc,,iệc,,,,,,
iêng,iểng,iếng,iềng,iệng,iễng,,,,,
ieng,iểng,iếng,iềng,iệng,iễng,,,,,
uân,uẩn,uấn,uần,uận,uẫn,,,,,
uât,,uất,,uật,,,,,,
uây,uẩy,uấy,uầy,uậy,uẫy,,,,,
uâng,uẩng,uấng,uầng,uậng,uẫng,,,,,
uêch,,uếch,,uệch,,,,,,
uech,,uếch,,uệch,,,,,,
uênh,uểnh,uếnh,uềnh,uệnh,uễnh,,,,,
uenh,uểnh,uếnh,uềnh,uệnh,uễnh,,,,,
uôc,,uốc,,uộc,,,ươc,,,
uoc,,uốc,,uộc,,,ươc,,,
uôi,uổi,uối,uồi,uội,uỗi,,ươi,,,
uoi,uổi,uối,uồi,uội,uỗi,,ươi,,,
uôn,uổn,uốn,uồn,uộn,uỗn,,ươn,,,
uon,uổn,uốn,uồn,uộn,uỗn,,ươn,,,
uông,uổng,uống,uồng,uộng,uỗng,,ương,,,
uong,uổng,uống,uồng,uộng,uỗng,,ương,,,
uôt,,uốt,,uột,,,ươt,,,
uot,,uốt,,uột,,,ươt,,,
uôm,uổm,uốm,uồm,uộm,uỗm,,ươm,,,
uom,uổm,uốm,uồm,uộm,uỗm,,ươm,,,
uyên,uyển,uyến,uyền,uyện,uyễn,,,,,
uyen,uyển,uyến,uyền,uyện,uyễn,,,,,
uyêt,,uyết,,uyệt,,,,,,
uyet,,uyết,,uyệt,,,,,,
uyn,uỷn,uýn,uỳn,uỵn,uỹn,,,,,
uynh,uỷnh,uýnh,uỳnh,uỵnh,uỹnh,,,,,
uya,uỷa,uýa,uỳa,uỵa,uỹa,,,,,
uyt,,uýt,,uỵt,,,,,,
uyu,uỷu,uýu,uỳu,uỵu,uỹu,,,,,
uyp,,uýp,,uỵp,,,,,,
uyc,,uýc,,uỵc,,,,,,
uych,,uých,,uỵch,,,,,,
uo,,,,,,,ươ,,,uô
ưo,,,,,,,ươ,,,uô
uơ,,,,,,,ươ,,,uô
ươc,,ước,,ược,,,uocw,,,uôc
ưoc,,ước,,ược,,,uocw,,,uôc
uơc,,ước,,ược,,,uocw,,,uôc
ươn,ưởn,ướn,ườn,ượn,ưỡn,,uonw,,,uôn
ưon,ưởn,ướn,ườn,ượn,ưỡn,,uonw,,,uôn
uơn,ưởn,ướn,ườn,ượn,ưỡn,,uonw,,,uôn
ương,ưởng,ướng,ường,ượng,ưỡng,,uongw,,,uông
ưong,ưởng,ướng,ường,ượng,ưỡng,,uongw,,,uông
uơng,ưởng,ướng,ường,ượng,ưỡng,,uongw,,,uông
ươi,ưởi,ưới,ười,ượi,ưỡi,,uoiw,,,uôi
ưoi,ưởi,ưới,ười,ượi,ưỡi,,uoiw,,,uôi
uơi,ưởi,ưới,ười,ượi,ưỡi,,uoiw,,,uôi
ươm,ưởm,ướm,ườm,ượm,ưỡm,,uomw,,,uôm
ưom,ưởm,ướm,ườm,ượm,ưỡm,,uomw,,,uôm
uơm,ưởm,ướm,ườm,ượm,ưỡm,,uomw,,,uôm
ươt,,ướt,,ượt,,,uotw,,,uôt
uơt,,ướt,,ượt,,,uotw,,,uôt
ưot,,ướt,,ượt,,,uotw,,,uôt
ươu,ưởu,ướu,ườu,ượu,ưỡu,,uouw,,,
ưou,ưởu,ướu,ườu,ượu,ưỡu,,uouw,,,
uơu,ưởu,ướu,ườu,ượu,ưỡu,,uouw,,,
ươp,,ướp,,ượp,,,uopw,,,
ưop,,ướp,,ượp,,,uopw,,,
uơp,,ướp,,ượp,,,uopw,,,
ải,air,ái,ài,ại,ãi,ai,,,,
ái,ải,ais,ài,ại,ãi,ai,,,,
ài,ải,ái,aif,ại,ãi,ai,,,,
ại,ải,ái,ài,aij,ãi,ai,,,,
ãi,ải,ái,ài,ại,aix,ai,,,,
ản,anr,án,àn,ạn,ãn,an,ẳn,ẩn,,
án,ản,ans,àn,ạn,ãn,an,ắn,ấn,,
àn,ản,án,anf,ạn,ãn,an,ằn,ần,,
ạn,ản,án,àn,anj,ãn,an,ặn,ận,,
ãn,ản,án,àn,ạn,anx,an,ẵn,ẫn,,
ảy,ayr,áy,ày,ạy,ãy,ay,,ẩy,,
áy,ảy,ays,ày,ạy,ãy,ay,,ấy,,
ày,ảy,áy,ayf,ạy,ãy,ay,,ầy,,
ạy,ảy,áy,ày,ayj,ãy,ay,,ậy,,
ãy,ảy,áy,ày,ạy,ayx,ay,,ẫy,,
ảng,angr,áng,àng,ạng,ãng,ang,ẳng,ẩng,,
áng,ảng,angs,àng,ạng,ãng,ang,ắng,ấng,,
àng,ảng,áng,angf,ạng,ãng,ang,ằng,ầng,,
ạng,ảng,áng,àng,angj,ãng,ang,ặng,ậng,,
ãng,ảng,áng,àng,ạng,angx,ang,ẵng,ẫng,,
ác,,acs,,ạc,,ac,ắc,ấc,,
ạc,,ác,,acj,,ac,ặc,ậc,,
ảnh,anhr,ánh,ành,ạnh,ãnh,anh,,,,
ánh,ảnh,anhs,ành,ạnh,ãnh,anh,,,,
ành,ảnh,ánh,anhf,ạnh,ãnh,anh,,,,
ạnh,ảnh,ánh,ành,anhj,ãnh,anh,,,,
ãnh,ảnh,ánh,ành,ạnh,anhx,anh,,,,
ảo,aor,áo,ào,ạo,ão,ao,,,,
áo,ảo,aos,ào,ạo,ão,ao,,,,
ào,ảo,áo,aof,ạo,ão,ao,,,,
ạo,ảo,áo,ào,aoj,ão,ao,,,,
ão,ảo,áo,ào,ạo,aox,ao,,,,
ảm,amr,ám,àm,ạm,ãm,am,ẳm,ẩm,,
ám,ảm,ams,àm,ạm,ãm,am,ắm,ấm,,
àm,ảm,ám,amf,ạm,ãm,am,ằm,ầm,,
ạm,ảm,ám,àm,amj,ãm,am,ặm,ậm,,
ãm,ảm,ám,àm,ạm,amx,am,ẵm,ẫm,,
át,,ats,,ạt,,at,ắt,ất,,
ạt,,át,,atj,,at,ặt,ật,,
ảu,aur,áu,àu,ạu,ãu,au,,ẩu,,
áu,ảu,aus,àu,ạu,ãu,au,,ấu,,
àu,ảu,áu,auf,ạu,ãu,au,,ầu,,
ạu,ảu,áu,àu,auj,ãu,au,,ậu,,
ãu,ảu,áu,àu,ạu,aux,au,,ẫu,,
áp,,aps,,ạp,,ap,ắp,ấp,,
ạp,,áp,,apj,,ap,ặp,ập,,
ách,,achs,,ạch,,ach,,,,
ạch,,ách,,achj,,ach,,,,
ẳm,ămr,ắm,ằm,ặm,ẵm,ăm,,ẩm,,
ắm,ẳm,ăms,ằm,ặm,ẵm,ăm,,ấm,,
ằm,ẳm,ắm,ămf,ặm,ẵm,ăm,,ầm,,
ặm,ẳm,ắm,ằm,ămj,ẵm,ăm,,ậm,,
ẵm,ẳm,ắm,ằm,ặm,ămx,ăm,,ẫm,,
ẳng,ăngr,ắng,ằng,ặng,ẵng,ăng,,ẩng,,
ắng,ẳng,ăngs,ằng,ặng,ẵng,ăng,,ấng,,
ằng,ẳng,ắng,ăngf,ặng,ẵng,ăng,,ầng,,
ặng,ẳng,ắng,ằng,ăngj,ẵng,ăng,,ậng,,
ẵng,ẳng,ắng,ằng,ặng,ăngx,ăng,,ẫng,,
ắc,,ăcs,,ặc,,ăc,,ấc,,
ặc,,ắc,,ăcj,,ăc,,ậc,,
ẳn,ănr,ắn,ằn,ặn,ẵn,ăn,,ẩn,,
ắn,ẳn,ăns,ằn,ặn,ẵn,ăn,,ấn,,
ằn,ẳn,ắn,ănf,ặn,ẵn,ăn,,ần,,
ặn,ẳn,ắn,ằn,ănj,ẵn,ăn,,ận,,
ẵn,ẳn,ắn,ằn,ặn,ănx,ăn,,ẫn,,
ắt,,ăts,,ặt,,ăt,,ất,,
ặt,,ắt,,ătj,,ăt,,ật,,
ắp,,ăps,,ặp,,ăp,,ấp,,
ặp,,ắp,,ăpj,,ăp,,ập,,
ẩn,ânr,ấn,ần,ận,ẫn,ân,,,,
ấn,ẩn,âns,ần,ận,ẫn,ân,,,,
ần,ẩn,ấn,ânf,ận,ẫn,ân,,,,
ận,ẩn,ấn,ần,ânj,ẫn,ân,,,,
ẫn,ẩn,ấn,ần,ận,ânx,ân,,,,
ất,,âts,,ật,,ât,,,,
ật,,ất,,âtj,,ât,,,,
ẩu,âur,ấu,ầu,ậu,ẫu,âu,,,,
ấu,ẩu,âus,ầu,ậu,ẫu,âu,,,,
ầu,ẩu,ấu,âuf,ậu,ẫu,âu,,,,
ậu,ẩu,ấu,ầu,âuj,ẫu,âu,,,,
ẫu,ẩu,ấu,ầu,ậu,âux,âu,,,,
ẩy,âyr,ấy,ầy,ậy,ẫy,ây,,,,
ấy,ẩy,âys,ầy,ậy,ẫy,ây,,,,
ầy,ẩy,ấy,âyf,ậy,ẫy,ây,,,,
ậy,ẩy,ấy,ầy,âyj,ẫy,ây,,,,
ẫy,ẩy,ấy,ầy,ậy,âyx,ây,,,,
ấp,,âps,,ập,,âp,,,,
ập,,ấp,,âpj,,âp,,,,
ẩm,âmr,ấm,ầm,ậm,ẫm,âm,ẳm,,,
ấm,ẩm,âms,ầm,ậm,ẫm,âm,ắm,,,
ầm,ẩm,ấm,âmf,ậm,ẫm,âm,ằm,,,
ậm,ẩm,ấm,ầm,âmj,ẫm,âm,ặm,,,
ẫm,ẩm,ấm,ầm,ậm,âmx,âm,ẵm,,,
ẩng,ângr,ấng,ầng,ậng,ẫng,âng,ẳng,,,
ấng,ẩng,ângs,ầng,ậng,ẫng,âng,ắng,,,
ầng,ẩng,ấng,ângf,ậng,ẫng,âng,ằng,,,
ậng,ẩng,ấng,ầng,ângj,ẫng,âng,ặng,,,
ẫng,ẩng,ấng,ầng,ậng,ângx,âng,ẵng,,,
ấc,,âcs,,ậc,,âc,ắc,,,
ậc,,ấc,,âcj,,âc,ặc,,,
ỏa,oar,óa,òa,ọa,õa,oa,,,,
óa,ỏa,oas,òa,ọa,õa,oa,,,,
òa,ỏa,óa,oaf,ọa,õa,oa,,,,
ọa,ỏa,óa,òa,oaj,õa,oa,,,,
õa,ỏa,óa,òa,ọa,oax,oa,,,,
ỏn,onr,ón,òn,ọn,õn,on,ởn,,,ổn
ón,ỏn,ons,òn,ọn,õn,on,ớn,,,ốn
òn,ỏn,ón,onf,ọn,õn,on,ờn,,,ồn
ọn,ỏn,ón,òn,onj,õn,on,ợn,,,ộn
õn,ỏn,ón,òn,ọn,onx,on,ỡn,,,ỗn
ỏng,ongr,óng,òng,ọng,õng,ong,,,,ổng
óng,ỏng,ongs,òng,ọng,õng,ong,,,,ống
òng,ỏng,óng,ongf,ọng,õng,ong,,,,ồng
ọng,ỏng,óng,òng,ongj,õng,ong,,,,ộng
õng,ỏng,óng,òng,ọng,ongx,ong,,,,ỗng
óc,,ocs,,ọc,,oc,,,,ốc
ọc,,óc,,ocj,,oc,,,,ộc
ỏi,oir,ói,òi,ọi,õi,oi,ởi,,,ổi
ói,ỏi,ois,òi,ọi,õi,oi,ới,,,ối
òi,ỏi,ói,oif,ọi,õi,oi,ời,,,ồi
ọi,ỏi,ói,òi,oij,õi,oi,ợi,,,ội
õi,ỏi,ói,òi,ọi,oix,oi,ỡi,,,ỗi
ỏm,omr,óm,òm,ọm,õm,om,ởm,,,ổm
óm,ỏm,oms,òm,ọm,õm,om,ớm,,,ốm
òm,ỏm,óm,omf,ọm,õm,om,ờm,,,ồm
ọm,ỏm,óm,òm,omj,õm,om,ợm,,,ộm
õm,ỏm,óm,òm,ọm,omx,om,ỡm,,,ỗm
óp,,ops,,ọp,,op,ớp,,,ốp
ọp,,óp,,opj,,op,ợp,,,ộp
ót,,ots,,ọt,,ot,ớt,,,ốt
ọt,,ót,,otj,,ot,ợt,,,ột
ỏe,oer,óe,òe,ọe,õe,oe,,,,
óe,ỏe,oes,òe,ọe,õe,oe,,,,
òe,ỏe,óe,oef,ọe,õe,oe,,,,
ọe,ỏe,óe,òe,oej,õe,oe,,,,
õe,ỏe,óe,òe,ọe,oex,oe,,,,
ổng,ôngr,ống,ồng,ộng,ỗng,ông,,,,
ống,ổng,ôngs,ồng,ộng,ỗng,ông,,,,
ồng,ổng,ống,ôngf,ộng,ỗng,ông,,,,
ộng,ổng,ống,ồng,ôngj,ỗng,ông,,,,
ỗng,ổng,ống,ồng,ộng,ôngx,ông,,,,
ốt,,ôts,,ột,,ôt,ớt,,,
ột,,ốt,,ôtj,,ôt,ợt,,,
ổi,ôir,ối,ồi,ội,ỗi,ôi,ởi,,,
ối,ổi,ôis,ồi,ội,ỗi,ôi,ới,,,
ồi,ổi,ối,ôif,ội,ỗi,ôi,ời,,,
ội,ổi,ối,ồi,ôij,ỗi,ôi,ợi,,,
ỗi,ổi,ối,ồi,ội,ôix,ôi,ỡi,,,
ốc,,ôcs,,ộc,,ôc,,,,
ộc,,ốc,,ôcj,,ôc,,,,
ổn,ônr,ốn,ồn,ộn,ỗn,ôn,ởn,,,
ốn,ổn,ôns,ồn,ộn,ỗn,ôn,ớn,,,
ồn,ổn,ốn,ônf,ộn,ỗn,ôn,ờn,,,
ộn,ổn,ốn,ồn,ônj,ỗn,ôn,ợn,,,
ỗn,ổn,ốn,ồn,ộn,ônx,ôn,ỡn,,,
ổm,ômr,ốm,ồm,ộm,ỗm,ôm,ởm,,,
ốm,ổm,ôms,ồm,ộm,ỗm,ôm,ớm,,,
ồm,ổm,ốm,ômf,ộm,ỗm,ôm,ờm,,,
ộm,ổm,ốm,ồm,ômj,ỗm,ôm,ợm,,,
ỗm,ổm,ốm,ồm,ộm,ômx,ôm,ỡm,,,
ốp,,ôps,,ộp,,ôp,ớp,,,
ộp,,ốp,,ôpj,,ôp,ợp,,,
ởi,ơir,ới,ời,ợi,ỡi,ơi,,,,ổi
ới,ởi,ơis,ời,ợi,ỡi,ơi,,,,ối
ời,ởi,ới,ơif,ợi,ỡi,ơi,,,,ồi
ợi,ởi,ới,ời,ơij,ỡi,ơi,,,,ội
ỡi,ởi,ới,ời,ợi,ơix,ơi,,,,ỗi
ởn,ơnr,ớn,ờn,ợn,ỡn,ơn,,,,ổn
ớn,ởn,ơns,ờn,ợn,ỡn,ơn,,,,ốn
ờn,ởn,ớn,ơnf,ợn,ỡn,ơn,,,,ồn
ợn,ởn,ớn,ờn,ơnj,ỡn,ơn,,,,ộn
ỡn,ởn,ớn,ờn,ợn,ơnx,ơn,,,,ỗn
ớp,,ơps,,ợp,,ơp,,,,ốp
ợp,,ớp,,ơpj,,ơp,,,,ộp
ởm,ơmr,ớm,ờm,ợm,ỡm,ơm,,,,ổm
ớm,ởm,ơms,ờm,ợm,ỡm,ơm,,,,ốm
ờm,ởm,ớm,ơmf,ợm,ỡm,ơm,,,,ồm
ợm,ởm,ớm,ờm,ơmj,ỡm,ơm,,,,ộm
ỡm,ởm,ớm,ờm,ợm,ơmx,ơm,,,,ỗm
ớt,,ơts,,ợt,,ơt,,,,ốt
ợt,,ớt,,ơtj,,ơt,,,,ột
ẻn,enr,én,èn,ẹn,ẽn,en,,,ển,
én,ẻn,ens,èn,ẹn,ẽn,en,,,ến,
èn,ẻn,én,enf,ẹn,ẽn,en,,,ền,
ẹn,ẻn,én,èn,enj,ẽn,en,,,ện,
ẽn,ẻn,én,èn,ẹn,enx,en,,,ễn,
ẻo,eor,éo,èo,ẹo,ẽo,eo,,,,
éo,ẻo,eos,èo,ẹo,ẽo,eo,,,,
èo,ẻo,éo,eof,ẹo,ẽo,eo,,,,
ẹo,ẻo,éo,èo,eoj,ẽo,eo,,,,
ẽo,ẻo,éo,èo,ẹo,eox,eo,,,,
ét,,ets,,ẹt,,et,,,ết,
ẹt,,ét,,etj,,et,,,ệ,
ẻm,emr,ém,èm,ẹm,ẽm,em,,,ểm,
ém,ẻm,ems,èm,ẹm,ẽm,em,,,ếm,
èm,ẻm,ém,emf,ẹm,ẽm,em,,,ềm,
ẹm,ẻm,ém,èm,emj,ẽm,em,,,ệm,
ẽm,ẻm,ém,èm,ẹm,emx,em,,,ễm,
ép,,eps,,ẹp,,ep,,,ếp,
ẹp,,ép,,epj,,ep,,,ệp,
éc,,ecs,,ẹc,,ep,,,ếc,
ẹc,,éc,,ecj,,ep,,,ệc,
ẻng,engr,éng,èng,ẹng,ẽng,eng,,,,
éng,ẻng,engs,èng,ẹng,ẽng,eng,,,,
èng,ẻng,éng,engf,ẹng,ẽng,eng,,,,
ẹng,ẻng,éng,èng,engj,ẽng,eng,,,,
ẽng,ẻng,éng,èng,ẹng,engx,eng,,,,
ển,ênr,ến,ền,ện,ễn,ên,,,,
ến,ển,êns,ền,ện,ễn,ên,,,,
ền,ển,ến,ênf,ện,ễn,ên,,,,
ện,ển,ến,ền,ênj,ễn,ên,,,,
ễn,ển,ến,ền,ện,ênx,ên,,,,
ểu,êur,ếu,ều,ệu,ễu,êu,,,,
ếu,ểu,êus,ều,ệu,ễu,êu,,,,
ều,ểu,ếu,êuf,ệu,ễu,êu,,,,
ệu,ểu,ếu,ều,êuj,ễu,êu,,,,
ễu,ểu,ếu,ều,ệu,êux,êu,,,,
ết,,êts,,ệt,,êt,,,,
ệt,,ết,,êtj,,êt,,,,
ểm,êmr,ếm,ềm,ệm,ễm,êm,,,,
ếm,ểm,êms,ềm,ệm,ễm,êm,,,,
ềm,ểm,ếm,êmf,ệm,ễm,êm,,,,
ệm,ểm,ếm,ềm,êmj,ễm,êm,,,,
ễm,ểm,ếm,ềm,ệm,êmx,êm,,,,
ếp,,êps,,ệp,,êp,,,,
ệp,,ếp,,êpj,,êp,,,,
ểnh,ênhr,ếnh,ềnh,ệnh,ễnh,ênh,,,,
ếnh,ểnh,ênhs,ềnh,ệnh,ễnh,ênh,,,,
ềnh,ểnh,ếnh,ênhf,ệnh,ễnh,ênh,,,,
ệnh,ểnh,ếnh,ềnh,ênhj,ễnh,ênh,,,,
ễnh,ểnh,ếnh,ềnh,ệnh,ênhx,ênh,,,,
ếch,,êchs,,ệch,,êch,,,,
ệch,,ếch,,êchj,,êch,,,,
ủa,uar,úa,ùa,ụa,ũa,ua,ửa,,,
úa,ủa,uas,ùa,ụa,ũa,ua,ứa,,,
ùa,ủa,úa,uaf,ụa,ũa,ua,ừa,,,
ụa,ủa,úa,ùa,uaj,ũa,ua,ựa,,,
ũa,ủa,úa,ùa,ụa,uax,ua,ữa,,,
uể,uêr,uế,uề,uệ,uễ,uê,,,,
uế,uể,uês,uề,uệ,uễ,uê,,,,
uề,uể,uế,uêf,uệ,uễ,uê,,,,
uệ,uể,uế,uề,uêj,uễ,uê,,,,
uễ,uể,uế,uề,uệ,uêx,uê,,,,
ủi,uir,úi,ùi,ụi,ũi,ui,ửi,,,
úi,ủi,uis,ùi,ụi,ũi,ui,ứi,,,
ùi,ủi,úi,uif,ụi,ũi,ui,ừi,,,
ụi,ủi,úi,ùi,uij,ũi,ui,ựi,,,
ũi,ủi,úi,ùi,ụi,uix,ui,ữi,,,
ủy,uyr,úy,ùy,ụy,ũy,uy,,,,
úy,ủy,uys,ùy,ụy,ũy,uy,,,,
ùy,ủy,úy,uyf,ụy,ũy,uy,,,,
ụy,ủy,úy,ùy,uyj,ũy,uy,,,,
ũy,ủy,úy,ùy,ụy,uyx,uy,,,,
úc,,ucs,,ục,,uc,ức,,,
ục,,úc,,ucj,,uc,ực,,,
ủm,umr,úm,ùm,ụm,ũm,um,ửm,,,
úm,ủm,ums,ùm,ụm,ũm,um,ứm,,,
ùm,ủm,úm,umf,ụm,ũm,um,ừm,,,
ụm,ủm,úm,ùm,umj,ũm,um,ựm,,,
ũm,ủm,úm,ùm,ụm,umx,um,ữm,,,
ủn,unr,ún,ùn,ụn,ũn,un,ửn,,,
ún,ủn,uns,ùn,ụn,ũn,un,ứn,,,
ùn,ủn,ún,unf,ụn,ũn,un,ừn,,,
ụn,ủn,ún,ùn,unj,ũn,un,ựn,,,
ũn,ủn,ún,ùn,ụn,unx,un,ữn,,,
ủng,ungr,úng,ùng,ụng,ũng,ung,ửng,,,
úng,ủng,ungs,ùng,ụng,ũng,ung,ứng,,,
ùng,ủng,úng,ungf,ụng,ũng,ung,ừng,,,
ụng,ủng,úng,ùng,ungj,ũng,ung,ựng,,,
ũng,ủng,úng,ùng,ụng,ungx,ung,ững,,,
úp,,ups,,ụp,,up,,,,
ụp,,úp,,upj,,up,,,,
út,,uts,,ụt,,ut,ứt,,,
ụt,,út,,utj,,ut,ựt,,,
ức,,ưcs,,ực,,ưc,,,,
ực,,ức,,ưcj,,ưc,,,,
ửng,ưngr,ứng,ừng,ựng,ững,ưng,,,,
ứng,ửng,ưngs,ừng,ựng,ững,ưng,,,,
ừng,ửng,ứng,ưngf,ựng,ững,ưng,,,,
ựng,ửng,ứng,ừng,ưngj,ững,ưng,,,,
ững,ửng,ứng,ừng,ựng,ưngx,ưng,,,,
ửa,ưar,ứa,ừa,ựa,ữa,ưa,,,,
ứa,ửa,ưas,ừa,ựa,ữa,ưa,,,,
ừa,ửa,ứa,ưaf,ựa,ữa,ưa,,,,
ựa,ửa,ứa,ừa,ưaj,ữa,ưa,,,,
ữa,ửa,ứa,ừa,ựa,ưax,ưa,,,,
ửu,ưur,ứu,ừu,ựu,ữu,ưu,,,,
ứu,ửu,ưus,ừu,ựu,ữu,ưu,,,,
ừu,ửu,ứu,ưuf,ựu,ữu,ưu,,,,
ựu,ửu,ứu,ừu,ưuj,ữu,ưu,,,,
ữu,ửu,ứu,ừu,ựu,ưux,ưu,,,,
ứt,,ưts,,ựt,,ưt,,,,
ựt,,ứt,,ưtj,,ưt,,,,
ửi,ưir,ứi,ừi,ựi,ữi,ưi,,,,
ứi,ửi,ưis,ừi,ựi,ữi,ưi,,,,
ừi,ửi,ứi,ưif,ựi,ữi,ưi,,,,
ựi,ửi,ứi,ừi,ưij,ữi,ưi,,,,
ữi,ửi,ứi,ừi,ựi,ưix,ưi,,,,
ửn,ưnr,ứn,ừn,ựn,ữn,ưn,,,,
ứn,ửn,ưns,ừn,ựn,ữn,ưn,,,,
ừn,ửn,ứn,ưnf,ựn,ữn,ưn,,,,
ựn,ửn,ứn,ừn,ưnj,ữn,ưn,,,,
ữn,ửn,ứn,ừn,ựn,ưnx,ưn,,,,
ửm,ưmr,ứm,ừm,ựm,ữm,ưm,,,,
ứm,ửm,ưms,ừm,ựm,ữm,ưm,,,,
ừm,ửm,ứm,ưmf,ựm,ữm,ưm,,,,
ựm,ửm,ứm,ừm,ưmj,ữm,ưm,,,,
ữm,ửm,ứm,ừm,ựm,ưmx,ưm,,,,
yển,yênr,yến,yền,yện,yễn,yên,,,,
yến,yển,yêns,yền,yện,yễn,yên,,,,
yền,yển,yến,yênf,yện,yễn,yên,,,,
yện,yển,yến,yền,yênj,yễn,yên,,,,
yễn,yển,yến,yền,yện,yênx,yên,,,,
yểu,yêur,yếu,yều,yệu,yễu,yêu,,,,
yếu,yểu,yêus,yều,yệu,yễu,yêu,,,,
yều,yểu,yếu,yêuf,yệu,yễu,yêu,,,,
yệu,yểu,yếu,yều,yêuj,yễu,yêu,,,,
yễu,yểu,yếu,yều,yệu,yêux,yêu,,,,
yểm,yêmr,yếm,yềm,yệm,yễm,yêm,,,,
yếm,yểm,yêms,yềm,yệm,yễm,yêm,,,,
yềm,yểm,yếm,yêmf,yệm,yễm,yêm,,,,
yệm,yểm,yếm,yềm,yêmj,yễm,yêm,,,,
yễm,yểm,yếm,yềm,yệm,yêmx,yêm,,,,
yểng,yêngr,yếng,yềng,yệng,yễng,yêng,,,,
yếng,yểng,yêngs,yềng,yệng,yễng,yêng,,,,
yềng,yểng,yếng,yêngf,yệng,yễng,yêng,,,,
yệng,yểng,yếng,yềng,yêngj,yễng,yêng,,,,
yễng,yểng,yếng,yềng,yệng,yêngx,yêng,,,,
ỉa,iar,ía,ìa,ịa,ĩa,ia,,,,
ía,ỉa,ias,ìa,ịa,ĩa,ia,,,,
ìa,ỉa,ía,iaf,ịa,ĩa,ia,,,,
ịa,ỉa,ía,ìa,iaj,ĩa,ia,,,,
ĩa,ỉa,ía,ìa,ịa,iax,ia,,,,
ỉnh,inhr,ính,ình,ịnh,ĩnh,inh,,,,
ính,ỉnh,inhs,ình,ịnh,ĩnh,inh,,,,
ình,ỉnh,ính,inhf,ịnh,ĩnh,inh,,,,
ịnh,ỉnh,ính,ình,inhj,ĩnh,inh,,,,
ĩnh,ỉnh,ính,ình,ịnh,inhx,inh,,,,
ỉn,inr,ín,ìn,ịn,ĩn,inh,,,,
ín,ỉn,ins,ìn,ịn,ĩn,inh,,,,
ìn,ỉn,ín,inf,ịn,ĩn,inh,,,,
ịn,ỉn,ín,ìn,inj,ĩn,inh,,,,
ĩn,ỉn,ín,ìn,ịn,inx,inh,,,,
ích,,ichs,,ịch,,ich,,,,
ịch,,ích,,ichj,,ich,,,,
ỉm,imr,ím,ìm,ịm,ĩm,im,,,,
ím,ỉm,ims,ìm,ịm,ĩm,im,,,,
ìm,ỉm,ím,imf,ịm,ĩm,im,,,,
ịm,ỉm,ím,ìm,imj,ĩm,im,,,,
ĩm,ỉm,ím,ìm,ịm,imx,im,,,,
ít,,its,,ịt,,it,,,,
ịt,,ít,,itj,,it,,,,
ỉu,iur,íu,ìu,ịu,ĩu,iu,,,,
íu,ỉu,ius,ìu,ịu,ĩu,iu,,,,
ìu,ỉu,íu,iuf,ịu,ĩu,iu,,,,
ịu,ỉu,íu,ìu,iuj,ĩu,iu,,,,
ĩu,ỉu,íu,ìu,ịu,iux,iu,,,,
íp,,ips,,ịp,,ip,,,,
ịp,,íp,,ipj,,ip,,,,
oải,oair,oái,oài,oại,oãi,oai,,,,
oái,oải,oais,oài,oại,oãi,oai,,,,
oài,oải,oái,oaif,oại,oãi,oai,,,,
oại,oải,oái,oài,oaij,oãi,oai,,,,
oãi,oải,oái,oài,oại,oaix,oai,,,,
oản,oanr,oán,oàn,oạn,oãn,oan,,,,
oán,oản,oans,oàn,oạn,oãn,oan,,,,
oàn,oản,oán,oanf,oạn,oãn,oan,,,,
oạn,oản,oán,oàn,oanj,oãn,oan,,,,
oãn,oản,oán,oàn,oạn,oanx,oan,,,,
oảng,oangr,oáng,oàng,oạng,oãng,oang,,,,
oáng,oảng,oangs,oàng,oạng,oãng,oang,,,,
oàng,oảng,oáng,oangf,oạng,oãng,oang,,,,
oạng,oảng,oáng,oàng,oangj,oãng,oang,,,,
oãng,oảng,oáng,oàng,oạng,oangx,oang,,,,
oát,,oats,,oạt,,oat,,,,
oạt,,oát,,oatj,,oat,,,,
oảnh,oanhr,oánh,oành,oạnh,oãnh,oanh,,,,
oánh,oảnh,oanhs,oành,oạnh,oãnh,oanh,,,,
oành,oảnh,oánh,oanhf,oạnh,oãnh,oanh,,,,
oạnh,oảnh,oánh,oành,oanhj,oãnh,oanh,,,,
oãnh,oảnh,oánh,oành,oạnh,oanhx,oanh,,,,
oách,,oachs,,oạch,,oach,,,,
oạch,,oách,,oachj,,oach,,,,
oảy,oayr,oáy,oày,oạy,oãy,oay,,,,
oáy,oảy,oays,oày,oạy,oãy,oay,,,,
oày,oảy,oáy,oayf,oạy,oãy,oay,,,,
oạy,oảy,oáy,oày,oayj,oãy,oay,,,,
oãy,oảy,oáy,oày,oạy,oayx,oay,,,,
oác,,oacs,,oạc,,oac,,,,
oạc,,oác,,oacj,,oac,,,,
oảm,oamr,oám,oàm,oạm,oãm,oam,oẳm,,,
oám,oảm,oams,oàm,oạm,oãm,oam,oắm,,,
oàm,oảm,oám,oamf,oạm,oãm,oam,oằm,,,
oạm,oảm,oám,oàm,oamj,oãm,oam,oặm,,,
oãm,oảm,oám,oàm,oạm,oamx,oam,oẵm,,,
oáp,,oaps,,oạp,,oap,,,,
oạp,,oáp,,oapj,,oap,,,,
oắc,,oăcs,,oặc,,oap,,,,
oặc,,oắc,,oăcj,,oap,,,,
oẳm,oămr,oắm,oằm,oặm,oẵm,oăm,,,,
oắm,oẳm,oăms,oằm,oặm,oẵm,oăm,,,,
oằm,oẳm,oắm,oămf,oặm,oẵm,oăm,,,,
oặm,oẳm,oắm,oằm,oămj,oẵm,oăm,,,,
oẵm,oẳm,oắm,oằm,oặm,oămx,oăm,,,,
oẳn,oănr,oắn,oằn,oặn,oẵn,oăn,,,,
oắn,oẳn,oăns,oằn,oặn,oẵn,oăn,,,,
oằn,oẳn,oắn,oănf,oặn,oẵn,oăn,,,,
oặn,oẳn,oắn,oằn,oănj,oẵn,oăn,,,,
oẵn,oẳn,oắn,oằn,oặn,oănx,oăn,,,,
oẳng,oăngr,oắng,oằng,oặng,oẵng,oăng,,,,
oắng,oẳng,oăngs,oằng,oặng,oẵng,oăng,,,,
oằng,oẳng,oắng,oăngf,oặng,oẵng,oăng,,,,
oặng,oẳng,oắng,oằng,oăngj,oẵng,oăng,,,,
oẵng,oẳng,oắng,oằng,oặng,oăngx,oăng,,,,
oắt,,oăts,,oặt,,oăt,,,,
oặt,,oắt,,oătj,,oăt,,,,
oẻn,oenr,oén,oèn,oẹn,oẽn,oen,,,,
oén,oẻn,oens,oèn,oẹn,oẽn,oen,,,,
oèn,oẻn,oén,oenf,oẹn,oẽn,oen,,,,
oẹn,oẻn,oén,oèn,oenj,oẽn,oen,,,,
oẽn,oẻn,oén,oèn,oẹn,oenx,oen,,,,
oét,,oets,,oẹt,,oet,,,,
oẹt,,oét,,oetj,,oet,,,,
oẻo,oeor,oéo,oèo,oẹo,oẽo,oeo,,,,
oéo,oẻo,oeos,oèo,oẹo,oẽo,oeo,,,,
oèo,oẻo,oéo,oeof,oẹo,oẽo,oeo,,,,
oẹo,oẻo,oéo,oèo,oeoj,oẽo,oeo,,,,
oẽo,oẻo,oéo,oèo,oẹo,oeox,oeo,,,,
iển,iênr,iến,iền,iện,iễn,iên,,,,
iến,iển,iêns,iền,iện,iễn,iên,,,,
iền,iển,iến,iênf,iện,iễn,iên,,,,
iện,iển,iến,iền,iênj,iễn,iên,,,,
iễn,iển,iến,iền,iện,iênx,iên,,,,
iểu,iêur,iếu,iều,iệu,iễu,iêu,,,,
iếu,iểu,iêus,iều,iệu,iễu,iêu,,,,
iều,iểu,iếu,iêuf,iệu,iễu,iêu,,,,
iệu,iểu,iếu,iều,iêuj,iễu,iêu,,,,
iễu,iểu,iếu,iều,iệu,iêux,iêu,,,,
iết,,iêts,,iệt,,iêt,,,,
iệt,,iết,,iêtj,,iêt,,,,
iểm,iêmr,iếm,iềm,iệm,iễm,iêm,,,,
iếm,iểm,iêms,iềm,iệm,iễm,iêm,,,,
iềm,iểm,iếm,iêmf,iệm,iễm,iêm,,,,
iệm,iểm,iếm,iềm,iêmj,iễm,iêm,,,,
iễm,iểm,iếm,iềm,iệm,iêmx,iêm,,,,
iếp,,iêps,,iệp,,iêp,,,,
iệp,,iếp,,iêpj,,iêp,,,,
iếc,,iêcs,,iệc,,iêc,,,,
iệc,,iếc,,iêcj,,iêc,,,,
iểng,iêngr,iếng,iềng,iệng,iễng,iêng,,,,
iếng,iểng,iêngs,iềng,iệng,iễng,iêng,,,,
iềng,iểng,iếng,iêngf,iệng,iễng,iêng,,,,
iệng,iểng,iếng,iềng,iêngj,iễng,iêng,,,,
iễng,iểng,iếng,iềng,iệng,iêngx,iêng,,,,
uẩn,uânr,uấn,uần,uận,uẫn,uân,,,,
uấn,uẩn,uâns,uần,uận,uẫn,uân,,,,
uần,uẩn,uấn,uânf,uận,uẫn,uân,,,,
uận,uẩn,uấn,uần,uânj,uẫn,uân,,,,
uẫn,uẩn,uấn,uần,uận,uânx,uân,,,,
uất,,uâts,,uật,,uât,,,,
uật,,uất,,uâtj,,uât,,,,
uẩy,uâyr,uấy,uầy,uậy,uẫy,uây,,,,
uấy,uẩy,uâys,uầy,uậy,uẫy,uây,,,,
uầy,uẩy,uấy,uâyf,uậy,uẫy,uây,,,,
uậy,uẩy,uấy,uầy,uâyj,uẫy,uây,,,,
uẫy,uẩy,uấy,uầy,uậy,uâyx,uây,,,,
uẩng,uângr,uấng,uầng,uậng,uẫng,uâng,,,,
uấng,uẩng,uângs,uầng,uậng,uẫng,uâng,,,,
uầng,uẩng,uấng,uângf,uậng,uẫng,uâng,,,,
uậng,uẩng,uấng,uầng,uângj,uẫng,uâng,,,,
uẫng,uẩng,uấng,uầng,uậng,uângx,uâng,,,,
uếch,,uêchs,,uệch,,uêch,,,,
uệch,,uếch,,uêchj,,uêch,,,,
uểnh,uênhr,uếnh,uềnh,uệnh,uễnh,uênh,,,,
uếnh,uểnh,uênhs,uềnh,uệnh,uễnh,uênh,,,,
uềnh,uểnh,uếnh,uênhf,uệnh,uễnh,uênh,,,,
uệnh,uểnh,uếnh,uềnh,uênhj,uễnh,uênh,,,,
uễnh,uểnh,uếnh,uềnh,uệnh,uênhx,uênh,,,,
uốc,,uôcs,,uộc,,uôc,ước,,,
uộc,,uốc,,uôcj,,uôc,ược,,,
uổi,uôir,uối,uồi,uội,uỗi,uôi,ưởi,,,
uối,uổi,uôis,uồi,uội,uỗi,uôi,ưới,,,
uồi,uổi,uối,uôif,uội,uỗi,uôi,ười,,,
uội,uổi,uối,uồi,uôij,uỗi,uôi,ượi,,,
uỗi,uổi,uối,uồi,uội,uôix,uôi,ưỡi,,,
uổn,uônr,uốn,uồn,uộn,uỗn,uôn,ưởn,,,
uốn,uổn,uôns,uồn,uộn,uỗn,uôn,ướn,,,
uồn,uổn,uốn,uônf,uộn,uỗn,uôn,ườn,,,
uộn,uổn,uốn,uồn,uônj,uỗn,uôn,ượn,,,
uỗn,uổn,uốn,uồn,uộn,uônx,uôn,ưỡn,,,
uổng,uôngr,uống,uồng,uộng,uỗng,uông,ưởng,,,
uống,uổng,uôngs,uồng,uộng,uỗng,uông,ướng,,,
uồng,uổng,uống,uôngf,uộng,uỗng,uông,ường,,,
uộng,uổng,uống,uồng,uôngj,uỗng,uông,ượng,,,
uỗng,uổng,uống,uồng,uộng,uôngx,uông,ưỡng,,,
uốt,,uôts,,uột,,uôt,ướt,,,
uột,,uốt,,uôtj,,uôt,ượt,,,
uổm,uômr,uốm,uồm,uộm,uỗm,uôm,ươm,,,
uốm,uổm,uôms,uồm,uộm,uỗm,uôm,ướm,,,
uồm,uổm,uốm,uômf,uộm,uỗm,uôm,ườm,,,
uộm,uổm,uốm,uồm,uômj,uỗm,uôm,ượm,,,
uỗm,uổm,uốm,uồm,uộm,uômx,uôm,ưỡm,,,
uyển,uyênr,uyến,uyền,uyện,uyễn,uyên,,,,
uyến,uyển,uyêns,uyền,uyện,uyễn,uyên,,,,
uyền,uyển,uyến,uyênf,uyện,uyễn,uyên,,,,
uyện,uyển,uyến,uyền,uyênj,uyễn,uyên,,,,
uyễn,uyển,uyến,uyền,uyện,uyênx,uyên,,,,
uyết,,uyêts,,uyệt,,uyêt,,,,
uyệt,,uyết,,uyêtj,,uyêt,,,,
uỷn,uynr,uýn,uỳn,uỵn,uỹn,uyn,,,,
uýn,uỷn,uyns,uỳn,uỵn,uỹn,uyn,,,,
uỳn,uỷn,uýn,uynf,uỵn,uỹn,uyn,,,,
uỵn,uỷn,uýn,uỳn,uynj,uỹn,uyn,,,,
uỹn,uỷn,uýn,uỳn,uỵn,uynx,uyn,,,,
uỷnh,uynhr,uýnh,uỳnh,uỵnh,uỹnh,uynh,,,,
uýnh,uỷnh,uynhs,uỳnh,uỵnh,uỹnh,uynh,,,,
uỳnh,uỷnh,uýnh,uynhf,uỵnh,uỹnh,uynh,,,,
uỵnh,uỷnh,uýnh,uỳnh,uynhj,uỹnh,uynh,,,,
uỹnh,uỷnh,uýnh,uỳnh,uỵnh,uynhx,uynh,,,,
uỷa,uyar,uýa,uỳa,uỵa,uỹa,uya,,,,
uýa,uỷa,uyas,uỳa,uỵa,uỹa,uya,,,,
uỳa,uỷa,uýa,uyaf,uỵa,uỹa,uya,,,,
uỵa,uỷa,uýa,uỳa,uyaj,uỹa,uya,,,,
uỹa,uỷa,uýa,uỳa,uỵa,uyax,uya,,,,
uýt,,uyts,,uỵt,,uyt,,,,
uỵt,,uýt,,uytj,,uyt,,,,
uỷu,uyur,uýu,uỳu,uỵu,uỹu,uyu,,,,
uýu,uỷu,uyus,uỳu,uỵu,uỹu,uyu,,,,
uỳu,uỷu,uýu,uyuf,uỵu,uỹu,uyu,,,,
uỵu,uỷu,uýu,uỳu,uyuj,uỹu,uyu,,,,
uỹu,uỷu,uýu,uỳu,uỵu,uyux,uyu,,,,
uýp,,uyps,,uỵp,,uyp,,,,
uỵp,,uýp,,uypj,,uyp,,,,
uýc,,uycs,,uỵc,,uyc,,,,
uỵc,,uýc,,uycj,,uyc,,,,
uých,,uychs,,uỵch,,uych,,,,
uỵch,,uých,,uychj,,uych,,,,
ước,,ươcs,,ược,,ươc,,,,uốc
ược,,ước,,ươcj,,ươc,,,,uộc
ưởn,ươnr,ướn,ườn,ượn,ưỡn,ươn,,,,uổn
ướn,ưởn,ươns,ườn,ượn,ưỡn,ươn,,,,uốn
ườn,ưởn,ướn,ươnf,ượn,ưỡn,ươn,,,,uồn
ượn,ưởn,ướn,ườn,ươnj,ưỡn,ươn,,,,uộn
ưỡn,ưởn,ướn,ườn,ượn,ươnx,ươn,,,,uỗn
ưởng,ươngr,ướng,ường,ượng,ưỡng,ương,,,,uổng
ướng,ưởng,ươngs,ường,ượng,ưỡng,ương,,,,uống
ường,ưởng,ướng,ường,ượng,ưỡng,ương,,,,uồng
ượng,ưởng,ướng,ường,ươngj,ưỡng,ương,,,,uộng
ưỡng,ưởng,ướng,ường,ượng,ươngx,ương,,,,uỗng
ưởi,ươir,ưới,ười,ượi,ưỡi,ươi,,,,uổi
ưới,ưởi,ươis,ười,ượi,ưỡi,ươi,,,,uối
ười,ưởi,ưới,ươif,ượi,ưỡi,ươi,,,,uồi
ượi,ưởi,ưới,ười,ươij,ưỡi,ươi,,,,uội
ưỡi,ưởi,ưới,ười,ượi,ươix,ươi,,,,uỗi
ưởm,ươmr,ướm,ườm,ượm,ưỡm,ươm,,,,uổm
ướm,ưởm,ươms,ườm,ượm,ưỡm,ươm,,,,uốm
ườm,ưởm,ướm,ươmf,ượm,ưỡm,ươm,,,,uồm
ượm,ưởm,ướm,ườm,ươmj,ưỡm,ươm,,,,uộm
ưỡm,ưởm,ướm,ườm,ượm,ươmx,ươm,,,,uỗm
ướt,,ươts,,ượt,,ươt,,,,uốt
ượt,,ướt,,ươtj,,ươt,,,,uột
ưởu,ươur,ướu,ườu,ượu,ưỡu,ươu,,,,
ướu,ưởu,ươus,ườu,ượu,ưỡu,ươu,,,,
ườu,ưởu,ướu,ươuf,ượu,ưỡu,ươu,,,,
ượu,ưởu,ướu,ườu,ươuj,ưỡu,ươu,,,,
ưỡu,ưởu,ướu,ườu,ượu,ươux,ươu,,,,
ướp,,ươps,,ượp,,ươp,,,,
ượp,,ướp,,ươpj,,ươp,,,,
qua,quả,quá,quà,quạ,quã,,,,,
quả,quar,quá,quà,quạ,quã,qua,,,,
quá,quả,quas,quà,quạ,quã,qua,,,,
quà,quả,quá,quaf,quạ,quã,qua,,,,
quạ,quả,quá,quà,quaj,quã,qua,,,,
quã,quả,quá,quà,quạ,quax,qua,,,,
qui,quỉ,quí,quì,quị,quĩ,,,,,
quỉ,quir,quí,quì,quị,quĩ,qui,,,,
quí,quỉ,quis,quì,quị,quĩ,qui,,,,
quì,quỉ,quí,quif,quị,quĩ,qui,,,,
quị,quỉ,quí,quì,quij,quĩ,qui,,,,
quĩ,quỉ,quí,quì,quị,quix,qui,,,,
que,quẻ,qué,què,quẹ,quẽ,,,,,
quẻ,quer,qué,què,quẹ,quẽ,que,,,,
qué,quẻ,ques,què,quẹ,quẽ,que,,,,
què,quẻ,qué,quef,quẹ,quẽ,que,,,,
quẹ,quẻ,qué,què,quej,quẽ,que,,,,
quẽ,quẻ,qué,què,quẹ,quex,que,,,,
quy,quỷ,quý,quỳ,quỵ,quỹ,,,,,
quỷ,quyr,quý,quỳ,quỵ,quỹ,quy,,,,
quý,quỷ,quys,quỳ,quỵ,quỹ,quy,,,,
quỳ,quỷ,quý,quyf,quỵ,quỹ,quy,,,,
quỵ,quỷ,quý,quỳ,quyj,quỹ,quy,,,,
quỹ,quỷ,quý,quỳ,quỵ,quyx,quy,,,,
gia,giả,giá,già,giạ,giã,,,,,
giả,giar,giá,già,giạ,giã,gia,,,,
giá,giả,gias,già,giạ,giã,gia,,,,
già,giả,giá,giaf,giạ,giã,gia,,,,
giạ,giả,giá,già,giaj,giã,gia,,,,
giã,giả,giá,già,giạ,giax,gia,,,,
gio,giỏ,gió,giò,giọ,giõ,,,,,
giỏ,gior,gió,giò,giọ,giõ,gio,,,,
gió,giỏ,gios,giò,giọ,giõ,gio,,,,
giò,giỏ,gió,giof,giọ,giõ,gio,,,,
giọ,giỏ,gió,giò,gioj,giõ,gio,,,,
giõ,giỏ,gió,giò,giọ,giox,gio,,,,
giô,giổ,giố,giồ,giộ,giỗ,,,,,
giổ,giôr,giố,giồ,giộ,giỗ,giô,,,,
giố,giổ,giố,giồ,giộ,giỗ,giô,,,,
giồ,giổ,giố,giôf,giộ,giỗ,giô,,,,
giộ,giổ,giố,giồ,giôj,giỗ,giô,,,,
giỗ,giổ,giố,giồ,giộ,giôx,giô,,,,
giơ,giở,giớ,giờ,giợ,giỡ,,,,,
giở,giơr,giớ,giờ,giợ,giỡ,giơ,,,,
giớ,giở,giơs,giờ,giợ,giỡ,giơ,,,,
giờ,giở,giớ,giơf,giợ,giỡ,giơ,,,,
giợ,giở,giớ,giờ,giơj,giỡ,giơ,,,,
giỡ,giở,giớ,giờ,giợ,giơx,giơ,,,,
